project_id,Overdue_Phases,Average_Overdue_Delay,Risk_Level
PRJ-067,5,128.0,High
PRJ-019,4,88.0,Medium
PRJ-081,4,113.75,Medium
PRJ-064,4,128.25,Medium
PRJ-091,3,85.0,Medium
PRJ-042,3,90.333333333333343,Medium
PRJ-043,3,81.333333333333343,Medium
PRJ-088,3,72.0,Medium
PRJ-006,3,104.0,Medium
PRJ-012,3,100.66666666666667,Medium
PRJ-035,3,187.66666666666666,Medium
PRJ-044,3,143.33333333333334,Medium
PRJ-047,3,163.0,Medium
PRJ-083,2,72.5,Low
PRJ-074,2,73.5,Low
PRJ-023,2,87.5,Low
PRJ-053,2,144.0,Low
PRJ-001,2,74.5,Low
PRJ-063,1,161.0,Low
PRJ-052,1,74.0,Low
PRJ-060,1,63.0,Low
PRJ-062,1,76.0,Low
PRJ-069,1,127.0,Low
PRJ-089,1,39.0,Low
PRJ-090,1,2.0,Low
PRJ-040,1,154.0,Low
PRJ-051,0,,No Risk
PRJ-100,0,,No Risk
PRJ-029,0,,No Risk
PRJ-030,0,,No Risk
PRJ-031,0,,No Risk
PRJ-032,0,,No Risk
PRJ-033,0,,No Risk
PRJ-034,0,,No Risk
PRJ-027,0,,No Risk
PRJ-036,0,,No Risk
PRJ-037,0,,No Risk
PRJ-038,0,,No Risk
PRJ-039,0,,No Risk
PRJ-026,0,,No Risk
PRJ-041,0,,No Risk
PRJ-025,0,,No Risk
PRJ-024,0,,No Risk
PRJ-022,0,,No Risk
PRJ-045,0,,No Risk
PRJ-046,0,,No Risk
PRJ-021,0,,No Risk
PRJ-048,0,,No Risk
PRJ-049,0,,No Risk
PRJ-050,0,,No Risk
PRJ-020,0,,No Risk
PRJ-018,0,,No Risk
PRJ-017,0,,No Risk
PRJ-054,0,,No Risk
PRJ-055,0,,No Risk
PRJ-056,0,,No Risk
PRJ-057,0,,No Risk
PRJ-058,0,,No Risk
PRJ-059,0,,No Risk
PRJ-016,0,,No Risk
PRJ-061,0,,No Risk
PRJ-015,0,,No Risk
PRJ-014,0,,No Risk
PRJ-013,0,,No Risk
PRJ-065,0,,No Risk
PRJ-066,0,,No Risk
PRJ-011,0,,No Risk
PRJ-068,0,,No Risk
PRJ-010,0,,No Risk
PRJ-070,0,,No Risk
PRJ-071,0,,No Risk
PRJ-072,0,,No Risk
PRJ-073,0,,No Risk
PRJ-009,0,,No Risk
PRJ-075,0,,No Risk
PRJ-076,0,,No Risk
PRJ-077,0,,No Risk
PRJ-078,0,,No Risk
PRJ-079,0,,No Risk
PRJ-080,0,,No Risk
PRJ-008,0,,No Risk
PRJ-082,0,,No Risk
PRJ-007,0,,No Risk
PRJ-084,0,,No Risk
PRJ-085,0,,No Risk
PRJ-086,0,,No Risk
PRJ-087,0,,No Risk
PRJ-005,0,,No Risk
PRJ-004,0,,No Risk
PRJ-003,0,,No Risk
PRJ-002,0,,No Risk
PRJ-092,0,,No Risk
PRJ-093,0,,No Risk
PRJ-094,0,,No Risk
PRJ-095,0,,No Risk
PRJ-096,0,,No Risk
PRJ-097,0,,No Risk
PRJ-098,0,,No Risk
PRJ-099,0,,No Risk
PRJ-028,0,,No Risk